{
  "profiles": {
    "(Default)": {
      "name": "(Default)",
      "lastVersionId": "1.7.10"
    }
  },
  "selectedProfile": "(Default)",
  "clientToken": "d432a16a-2f8b-4571-a458-8937564c9f96",
  "authenticationDatabase": {
    "315aa418873a346bb091085ac5026797": {
      "displayName": "goldfiction@gmail.com",
      "userid": "goldfiction@gmail.com",
      "uuid": "315aa418-873a-346b-b091-085ac5026797",
      "username": "goldfiction@gmail.com"
    }
  },
  "selectedUser": "315aa418873a346bb091085ac5026797",
  "launcherVersion": {
    "name": "1.5",
    "format": 16
  }
}